{
  "teams": {
    "duke": {
      "name": "Duke",
      "traditional_rank": 1,
      "analytics_strength": 0.47907473883650203,
      "projected_wins": 26.078479238079627,
      "tournament_probability": 0.6065399365066355
    },
    "kansas": {
      "name": "Kansas",
      "traditional_rank": 2,
      "analytics_strength": 0.6419758948615019,
      "projected_wins": 26.128934592577995,
      "tournament_probability": 0.6107445493814996
    },
    "unc": {
      "name": "UNC",
      "traditional_rank": 3,
      "analytics_strength": 0.3730830811835083,
      "projected_wins": 26.824579177679595,
      "tournament_probability": 0.6687149314732995
    },
    "houston": {
      "name": "Houston",
      "traditional_rank": 4,
      "analytics_strength": 0.5019191992243136,
      "projected_wins": 25.593174640258308,
      "tournament_probability": 0.5660978866881923
    },
    "purdue": {
      "name": "Purdue",
      "traditional_rank": 5,
      "analytics_strength": 0.506892868028448,
      "projected_wins": 26.035219824077004,
      "tournament_probability": 0.6029349853397503
    },
    "marquette": {
      "name": "Marquette",
      "traditional_rank": 6,
      "analytics_strength": 0.6698749272732778,
      "projected_wins": 27.177693084706597,
      "tournament_probability": 0.6981410903922165
    },
    "tennessee": {
      "name": "Tennessee",
      "traditional_rank": 7,
      "analytics_strength": 0.6770880501733212,
      "projected_wins": 27.059476144793408,
      "tournament_probability": 0.6882896787327841
    },
    "iowa_state": {
      "name": "Iowa State",
      "traditional_rank": 8,
      "analytics_strength": 0.48116348424273514,
      "projected_wins": 26.879987351837542,
      "tournament_probability": 0.6733322793197953
    },
    "arizona": {
      "name": "Arizona",
      "traditional_rank": 9,
      "analytics_strength": 0.6099496520999058,
      "projected_wins": 26.664399968868054,
      "tournament_probability": 0.6553666640723379
    },
    "auburn": {
      "name": "Auburn",
      "traditional_rank": 10,
      "analytics_strength": 0.5224809027990778,
      "projected_wins": 28.88510019831303,
      "tournament_probability": 0.8404250165260858
    },
    "st._john's": {
      "name": "St. John's",
      "traditional_rank": 25,
      "analytics_strength": 0.5286433669481926,
      "projected_wins": 27.018180301120537,
      "tournament_probability": 0.6848483584267113
    },
    "cincinnati": {
      "name": "Cincinnati",
      "traditional_rank": null,
      "analytics_strength": 0.28909257726272064,
      "projected_wins": 26.188148099245208,
      "tournament_probability": 0.615679008270434
    },
    "xavier": {
      "name": "Xavier",
      "traditional_rank": null,
      "analytics_strength": 0.6470506400402196,
      "projected_wins": 26.60734131018898,
      "tournament_probability": 0.6506117758490816
    },
    "providence": {
      "name": "Providence",
      "traditional_rank": null,
      "analytics_strength": 0.6784283579876673,
      "projected_wins": 26.409185999642425,
      "tournament_probability": 0.6340988333035352
    },
    "seton_hall": {
      "name": "Seton Hall",
      "traditional_rank": null,
      "analytics_strength": 0.6441045572091935,
      "projected_wins": 27.348745091407793,
      "tournament_probability": 0.7123954242839825
    },
    "vcu": {
      "name": "VCU",
      "traditional_rank": null,
      "analytics_strength": 0.6775166422961529,
      "projected_wins": 27.406145110188763,
      "tournament_probability": 0.7171787591823969
    },
    "saint_mary's": {
      "name": "Saint Mary's",
      "traditional_rank": null,
      "analytics_strength": 1.0,
      "projected_wins": 28.39663524475069,
      "tournament_probability": 0.7997196037292242
    },
    "dayton": {
      "name": "Dayton",
      "traditional_rank": null,
      "analytics_strength": 0.8183045509497525,
      "projected_wins": 28.652824966344593,
      "tournament_probability": 0.8210687471953827
    },
    "colorado_state": {
      "name": "Colorado State",
      "traditional_rank": null,
      "analytics_strength": 0.3907535097821987,
      "projected_wins": 25.266946885428,
      "tournament_probability": 0.5389122404523331
    },
    "utah_state": {
      "name": "Utah State",
      "traditional_rank": null,
      "analytics_strength": 0.7436954114595747,
      "projected_wins": 28.03932889946343,
      "tournament_probability": 0.7699440749552859
    }
  },
  "recommendations": [
    {
      "bet_type": "Tournament Futures",
      "team": "Cincinnati",
      "recommendation": "BUY",
      "confidence": "MASSIVE",
      "expected_edge": 0.34299999999999997,
      "reasoning": "Our models project 89.3% tournament chance vs traditional 55.0%",
      "stake_recommendation": "3-5% of bankroll"
    },
    {
      "bet_type": "Tournament Futures",
      "team": "Xavier",
      "recommendation": "BUY",
      "confidence": "MASSIVE",
      "expected_edge": 0.35139999999999993,
      "reasoning": "Our models project 90.1% tournament chance vs traditional 55.0%",
      "stake_recommendation": "3-5% of bankroll"
    },
    {
      "bet_type": "Tournament Futures",
      "team": "Providence",
      "recommendation": "BUY",
      "confidence": "MASSIVE",
      "expected_edge": 0.35039999999999993,
      "reasoning": "Our models project 90.0% tournament chance vs traditional 55.0%",
      "stake_recommendation": "3-5% of bankroll"
    },
    {
      "bet_type": "Tournament Futures",
      "team": "Seton Hall",
      "recommendation": "BUY",
      "confidence": "MASSIVE",
      "expected_edge": 0.35339999999999994,
      "reasoning": "Our models project 90.3% tournament chance vs traditional 55.0%",
      "stake_recommendation": "3-5% of bankroll"
    },
    {
      "bet_type": "Tournament Futures",
      "team": "VCU",
      "recommendation": "BUY",
      "confidence": "MASSIVE",
      "expected_edge": 0.36239999999999994,
      "reasoning": "Our models project 91.2% tournament chance vs traditional 55.0%",
      "stake_recommendation": "3-5% of bankroll"
    },
    {
      "bet_type": "Tournament Futures",
      "team": "Saint Mary's",
      "recommendation": "BUY",
      "confidence": "MASSIVE",
      "expected_edge": 0.37359999999999993,
      "reasoning": "Our models project 92.4% tournament chance vs traditional 55.0%",
      "stake_recommendation": "3-5% of bankroll"
    },
    {
      "bet_type": "Tournament Futures",
      "team": "Dayton",
      "recommendation": "BUY",
      "confidence": "MASSIVE",
      "expected_edge": 0.377,
      "reasoning": "Our models project 92.7% tournament chance vs traditional 55.0%",
      "stake_recommendation": "3-5% of bankroll"
    },
    {
      "bet_type": "Tournament Futures",
      "team": "Colorado State",
      "recommendation": "BUY",
      "confidence": "MASSIVE",
      "expected_edge": 0.3283999999999999,
      "reasoning": "Our models project 87.8% tournament chance vs traditional 55.0%",
      "stake_recommendation": "3-5% of bankroll"
    },
    {
      "bet_type": "Tournament Futures",
      "team": "Utah State",
      "recommendation": "BUY",
      "confidence": "MASSIVE",
      "expected_edge": 0.5588000000000001,
      "reasoning": "Our models project 90.9% tournament chance vs traditional 35.0%",
      "stake_recommendation": "3-5% of bankroll"
    },
    {
      "bet_type": "Season Win Total",
      "team": "UNC",
      "recommendation": "OVER",
      "confidence": "MODERATE",
      "market_total": 24.5,
      "projected_wins": 26.601121535568662,
      "edge": 0.08576006267627193,
      "reasoning": "Project 26.6 wins vs market 24.5",
      "stake_recommendation": "1-2% of bankroll"
    },
    {
      "bet_type": "Season Win Total",
      "team": "Marquette",
      "recommendation": "OVER",
      "confidence": "MODERATE",
      "market_total": 24.5,
      "projected_wins": 26.877559172310903,
      "edge": 0.097043231522894,